[{"constant":true,"inputs":[{"name":"_dataSourceName","type":"bytes32"}],"name":"isActiveDataSource","outputs":[{"name":"isActive","type":"bool"}],"payable":false,"stateMutability":"view","type":"function"},{"constant":true,"inputs":[],"name":"mBegin","outputs":[{"name":"","type":"bytes32"}],"payable":false,"stateMutability":"view","type":"function"},{"constant":true,"inputs":[{"name":"_index","type":"uint256"}],"name":"getNameAt","outputs":[{"name":"_dataSourceName","type":"bytes32"}],"payable":false,"stateMutability":"view","type":"function"},{"constant":false,"inputs":[{"name":"_dataSourceName","type":"bytes32"},{"name":"_index","type":"uint256"}],"name":"refundSubscriberAt","outputs":[{"name":"success","type":"bool"}],"payable":false,"stateMutability":"nonpayable","type":"function"},{"constant":true,"inputs":[],"name":"FIXED_SUBSCRIPTION_PERIOD","outputs":[{"name":"","type":"uint256"}],"payable":false,"stateMutability":"view","type":"function"},{"constant":true,"inputs":[{"name":"_dataSourceName","type":"bytes32"},{"name":"_index","type":"uint256"}],"name":"getWithdrawAmountAt","outputs":[{"name":"withdrawAmount","type":"uint256"}],"payable":false,"stateMutability":"view","type":"function"},{"constant":false,"inputs":[{"name":"_dataSourceName","type":"bytes32"},{"name":"_index","type":"uint256"}],"name":"withrawProviderAt","outputs":[{"name":"success","type":"bool"}],"payable":false,"stateMutability":"nonpayable","type":"function"},{"constant":false,"inputs":[{"name":"_dataSourceName","type":"bytes32"},{"name":"_isPunished","type":"bool"}],"name":"setPunishProvider","outputs":[{"name":"success","type":"bool"}],"payable":false,"stateMutability":"nonpayable","type":"function"},{"constant":true,"inputs":[{"name":"_dataSourceName","type":"bytes32"}],"name":"getDataProviderInfo","outputs":[{"name":"owner","type":"address"},{"name":"price","type":"uint256"},{"name":"volume","type":"uint256"},{"name":"subscriptionsNum","type":"uint256"},{"name":"isProvider","type":"bool"},{"name":"isActive","type":"bool"},{"name":"isPunished","type":"bool"}],"payable":false,"stateMutability":"view","type":"function"},{"constant":false,"inputs":[{"name":"_dataSourceName","type":"bytes32"}],"name":"subscribe","outputs":[{"name":"success","type":"bool"}],"payable":false,"stateMutability":"nonpayable","type":"function"},{"constant":true,"inputs":[],"name":"mProvidersSize","outputs":[{"name":"","type":"uint256"}],"payable":false,"stateMutability":"view","type":"function"},{"constant":false,"inputs":[{"name":"_dataSourceName","type":"bytes32"},{"name":"_newPrice","type":"uint256"}],"name":"updateDataSourcePrice","outputs":[{"name":"success","type":"bool"}],"payable":false,"stateMutability":"nonpayable","type":"function"},{"constant":false,"inputs":[{"name":"_dataSourceName","type":"bytes32"}],"name":"withdrawProvider","outputs":[{"name":"success","type":"bool"}],"payable":false,"stateMutability":"nonpayable","type":"function"},{"constant":true,"inputs":[],"name":"getAllProviders","outputs":[{"name":"","type":"bytes32[]"}],"payable":false,"stateMutability":"view","type":"function"},{"constant":true,"inputs":[],"name":"getMarketplaceTotalBalance","outputs":[{"name":"totalBalance","type":"uint256"}],"payable":false,"stateMutability":"view","type":"function"},{"constant":false,"inputs":[{"name":"_dataSourceName","type":"bytes32"}],"name":"refundSubscriber","outputs":[{"name":"success","type":"bool"}],"payable":false,"stateMutability":"nonpayable","type":"function"},{"constant":false,"inputs":[{"name":"_dataSourceName","type":"bytes32"},{"name":"_price","type":"uint256"},{"name":"_dataOwner","type":"address"}],"name":"register","outputs":[{"name":"success","type":"bool"}],"payable":false,"stateMutability":"nonpayable","type":"function"},{"constant":true,"inputs":[],"name":"mCurrent","outputs":[{"name":"","type":"bytes32"}],"payable":false,"stateMutability":"view","type":"function"},{"constant":true,"inputs":[{"name":"_dataSourceName","type":"bytes32"}],"name":"getWithdrawAmount","outputs":[{"name":"withdrawAmount","type":"uint256"}],"payable":false,"stateMutability":"view","type":"function"},{"constant":true,"inputs":[{"name":"_dataSourceName","type":"bytes32"},{"name":"_index","type":"uint256"}],"name":"getRefundAmountAt","outputs":[{"name":"refundAmount","type":"uint256"}],"payable":false,"stateMutability":"view","type":"function"},{"constant":true,"inputs":[],"name":"getProviderNamesSize","outputs":[{"name":"size","type":"uint256"}],"payable":false,"stateMutability":"view","type":"function"},{"constant":true,"inputs":[{"name":"_subscriber","type":"address"},{"name":"_dataSourceName","type":"bytes32"}],"name":"checkAddressSubscription","outputs":[{"name":"subscriber","type":"address"},{"name":"dataSourceName","type":"bytes32"},{"name":"price","type":"uint256"},{"name":"startTime","type":"uint256"},{"name":"endTime","type":"uint256"},{"name":"isUnExpired","type":"bool"},{"name":"isPaid","type":"bool"},{"name":"isPunishedProvider","type":"bool"},{"name":"isOrder","type":"bool"}],"payable":false,"stateMutability":"view","type":"function"},{"constant":false,"inputs":[{"name":"_dataSourceName","type":"bytes32"},{"name":"_isActive","type":"bool"}],"name":"changeDataSourceActivityStatus","outputs":[{"name":"success","type":"bool"}],"payable":false,"stateMutability":"nonpayable","type":"function"},{"constant":true,"inputs":[{"name":"_dataSourceName","type":"bytes32"},{"name":"_index","type":"uint256"}],"name":"isExpiredSubscriptionAt","outputs":[{"name":"isExpired","type":"bool"}],"payable":false,"stateMutability":"view","type":"function"},{"constant":true,"inputs":[{"name":"","type":"uint256"}],"name":"mNames","outputs":[{"name":"","type":"bytes32"}],"payable":false,"stateMutability":"view","type":"function"},{"constant":true,"inputs":[{"name":"","type":"bytes32"}],"name":"mProviders","outputs":[{"name":"owner","type":"address"},{"name":"volume","type":"uint256"},{"name":"subscriptionsNum","type":"uint256"},{"name":"name","type":"bytes32"},{"name":"price","type":"uint256"},{"name":"isPunished","type":"bool"},{"name":"punishTimeStamp","type":"uint256"},{"name":"isProvider","type":"bool"},{"name":"isActive","type":"bool"},{"name":"nextProvider","type":"bytes32"}],"payable":false,"stateMutability":"view","type":"function"},{"constant":true,"inputs":[{"name":"","type":"bytes32"},{"name":"","type":"uint256"}],"name":"mOrders","outputs":[{"name":"dataSourceName","type":"bytes32"},{"name":"subscriber","type":"address"},{"name":"provider","type":"address"},{"name":"price","type":"uint256"},{"name":"startTime","type":"uint256"},{"name":"endTime","type":"uint256"},{"name":"isPaid","type":"bool"},{"name":"isOrder","type":"bool"},{"name":"isRefundPaid","type":"bool"}],"payable":false,"stateMutability":"view","type":"function"},{"constant":true,"inputs":[],"name":"mToken","outputs":[{"name":"","type":"address"}],"payable":false,"stateMutability":"view","type":"function"},{"constant":true,"inputs":[{"name":"_dataSourceName","type":"bytes32"}],"name":"getOwnerFromName","outputs":[{"name":"owner","type":"address"}],"payable":false,"stateMutability":"view","type":"function"},{"constant":true,"inputs":[{"name":"_subscriber","type":"address"},{"name":"_dataSourceName","type":"bytes32"}],"name":"getRefundAmount","outputs":[{"name":"refundAmount","type":"uint256"}],"payable":false,"stateMutability":"view","type":"function"},{"constant":true,"inputs":[{"name":"_dataSourceName","type":"bytes32"}],"name":"getSubscriptionsSize","outputs":[{"name":"size","type":"uint256"}],"payable":false,"stateMutability":"view","type":"function"},{"constant":true,"inputs":[],"name":"mOwner","outputs":[{"name":"","type":"address"}],"payable":false,"stateMutability":"view","type":"function"},{"constant":true,"inputs":[],"name":"MARKETPLACE_VERSION","outputs":[{"name":"","type":"string"}],"payable":false,"stateMutability":"view","type":"function"},{"constant":true,"inputs":[{"name":"_subscriber","type":"address"},{"name":"_dataSourceName","type":"bytes32"}],"name":"isExpiredSubscription","outputs":[{"name":"isExpired","type":"bool"}],"payable":false,"stateMutability":"view","type":"function"},{"constant":false,"inputs":[{"name":"_newOwner","type":"address"}],"name":"transferOwnership","outputs":[],"payable":false,"stateMutability":"nonpayable","type":"function"},{"constant":true,"inputs":[{"name":"_dataSourceName","type":"bytes32"},{"name":"_index","type":"uint256"}],"name":"checkSubscriptionAt","outputs":[{"name":"subscriber","type":"address"},{"name":"dataSourceName","type":"bytes32"},{"name":"price","type":"uint256"},{"name":"startTime","type":"uint256"},{"name":"endTime","type":"uint256"},{"name":"isUnExpired","type":"bool"},{"name":"isPaid","type":"bool"},{"name":"isPunishedProvider","type":"bool"},{"name":"isOrder","type":"bool"}],"payable":false,"stateMutability":"view","type":"function"},{"inputs":[{"name":"_tokenAddress","type":"address"}],"payable":false,"stateMutability":"nonpayable","type":"constructor"},{"anonymous":false,"inputs":[{"indexed":true,"name":"previousOwner","type":"address"},{"indexed":true,"name":"newOwner","type":"address"}],"name":"OwnershipTransferred","type":"event"},{"anonymous":false,"inputs":[{"indexed":true,"name":"editor","type":"address"},{"indexed":true,"name":"dataSourceName","type":"bytes32"},{"indexed":false,"name":"newPrice","type":"uint256"}],"name":"PriceUpdate","type":"event"},{"anonymous":false,"inputs":[{"indexed":true,"name":"editor","type":"address"},{"indexed":true,"name":"dataSourceName","type":"bytes32"},{"indexed":false,"name":"newStatus","type":"bool"}],"name":"ActivityUpdate","type":"event"},{"anonymous":false,"inputs":[{"indexed":true,"name":"dataOwner","type":"address"},{"indexed":true,"name":"dataSourceName","type":"bytes32"},{"indexed":false,"name":"price","type":"uint256"},{"indexed":false,"name":"success","type":"bool"}],"name":"Registered","type":"event"},{"anonymous":false,"inputs":[{"indexed":true,"name":"from","type":"address"},{"indexed":true,"name":"to","type":"address"},{"indexed":false,"name":"value","type":"uint256"}],"name":"SubscriptionDeposited","type":"event"},{"anonymous":false,"inputs":[{"indexed":true,"name":"subscriber","type":"address"},{"indexed":true,"name":"dataSourceName","type":"bytes32"},{"indexed":true,"name":"dataOwner","type":"address"},{"indexed":false,"name":"price","type":"uint256"},{"indexed":false,"name":"success","type":"bool"}],"name":"Subscribed","type":"event"},{"anonymous":false,"inputs":[{"indexed":true,"name":"dataOwner","type":"address"},{"indexed":true,"name":"dataSourceName","type":"bytes32"},{"indexed":false,"name":"amount","type":"uint256"}],"name":"TransferToProvider","type":"event"},{"anonymous":false,"inputs":[{"indexed":true,"name":"dataOwner","type":"address"},{"indexed":true,"name":"dataSourceName","type":"bytes32"},{"indexed":false,"name":"amount","type":"uint256"}],"name":"ProviderWithdraw","type":"event"},{"anonymous":false,"inputs":[{"indexed":true,"name":"dataOwner","type":"address"},{"indexed":true,"name":"dataSourceName","type":"bytes32"},{"indexed":false,"name":"isPunished","type":"bool"}],"name":"ProviderPunishStatus","type":"event"},{"anonymous":false,"inputs":[{"indexed":true,"name":"subscriber","type":"address"},{"indexed":true,"name":"dataSourceName","type":"bytes32"},{"indexed":false,"name":"refundAmount","type":"uint256"}],"name":"SubscriberRefund","type":"event"}]